-- Definindo o Schema do Banco de dados
USE LAB_BD_PROJETO;
GO

--L01_PAIS
INSERT INTO L01_PAIS (ID, NOME, CONTINENTE, POPULACAO) VALUES (1, 'Brasil', 'América do Sul', 213317639);
INSERT INTO L01_PAIS (ID, NOME, CONTINENTE, POPULACAO) VALUES (2, 'Estados Unidos', 'América do Norte', 331893745);
INSERT INTO L01_PAIS (ID, NOME, CONTINENTE, POPULACAO) VALUES (3, 'China', 'Ásia', 1444216107);
INSERT INTO L01_PAIS (ID, NOME, CONTINENTE, POPULACAO) VALUES (4, 'Índia', 'Ásia', 1393409038);
INSERT INTO L01_PAIS (ID, NOME, CONTINENTE, POPULACAO) VALUES (5, 'Rússia', 'Europa/Ásia', 145912025);
INSERT INTO L01_PAIS (ID, NOME, CONTINENTE, POPULACAO) VALUES (6, 'Japão', 'Ásia', 125836021);
INSERT INTO L01_PAIS (ID, NOME, CONTINENTE, POPULACAO) VALUES (7, 'Alemanha', 'Europa', 83240525);
INSERT INTO L01_PAIS (ID, NOME, CONTINENTE, POPULACAO) VALUES (8, 'França', 'Europa', 67348000);
INSERT INTO L01_PAIS (ID, NOME, CONTINENTE, POPULACAO) VALUES (9, 'Reino Unido', 'Europa', 67215293);
INSERT INTO L01_PAIS (ID, NOME, CONTINENTE, POPULACAO) VALUES (10, 'Itália', 'Europa', 59554023);
INSERT INTO L01_PAIS (ID, NOME, CONTINENTE, POPULACAO) VALUES (11, 'Canadá', 'América do Norte', 38389000);
INSERT INTO L01_PAIS (ID, NOME, CONTINENTE, POPULACAO) VALUES (12, 'México', 'América do Norte', 126014024);
INSERT INTO L01_PAIS (ID, NOME, CONTINENTE, POPULACAO) VALUES (13, 'Argentina', 'América do Sul', 45195774);
INSERT INTO L01_PAIS (ID, NOME, CONTINENTE, POPULACAO) VALUES (14, 'África do Sul', 'África', 59308690);
INSERT INTO L01_PAIS (ID, NOME, CONTINENTE, POPULACAO) VALUES (15, 'Nigéria', 'África', 206139587);
INSERT INTO L01_PAIS (ID, NOME, CONTINENTE, POPULACAO) VALUES (16, 'Austrália', 'Oceania', 25687041);
INSERT INTO L01_PAIS (ID, NOME, CONTINENTE, POPULACAO) VALUES (17, 'Egito', 'África', 104258327);
INSERT INTO L01_PAIS (ID, NOME, CONTINENTE, POPULACAO) VALUES (18, 'Espanha', 'Europa', 47351567);
INSERT INTO L01_PAIS (ID, NOME, CONTINENTE, POPULACAO) VALUES (19, 'Turquia', 'Europa/Ásia', 85319285);
INSERT INTO L01_PAIS (ID, NOME, CONTINENTE, POPULACAO) VALUES (20, 'Indonésia', 'Ásia', 273523621);
INSERT INTO L01_PAIS (ID, NOME, CONTINENTE, POPULACAO) VALUES (21, 'Grécia', 'Europa', 4353453);


--L02_OLIMPIADA
INSERT INTO L02_OLIMPIADA (ANO, PAIS, CIDADE_SEDE, DATA_INICIO, DATA_ENCERRAMENTO) 
VALUES (2000, 'Austrália', 'Sydney', '2000-09-15', '2000-10-01');

INSERT INTO L02_OLIMPIADA (ANO, PAIS, CIDADE_SEDE, DATA_INICIO, DATA_ENCERRAMENTO) 
VALUES (2004, 'Grécia', 'Atenas', '2004-08-13', '2004-08-29');

INSERT INTO L02_OLIMPIADA (ANO, PAIS, CIDADE_SEDE, DATA_INICIO, DATA_ENCERRAMENTO) 
VALUES (2008, 'China', 'Pequim', '2008-08-08', '2008-08-24');

INSERT INTO L02_OLIMPIADA (ANO, PAIS, CIDADE_SEDE, DATA_INICIO, DATA_ENCERRAMENTO) 
VALUES (2012, 'Reino Unido', 'Londres', '2012-07-27', '2012-08-12');

INSERT INTO L02_OLIMPIADA (ANO, PAIS, CIDADE_SEDE, DATA_INICIO, DATA_ENCERRAMENTO) 
VALUES (2016, 'Brasil', 'Rio de Janeiro', '2016-08-05', '2016-08-21');

INSERT INTO L02_OLIMPIADA (ANO, PAIS, CIDADE_SEDE, DATA_INICIO, DATA_ENCERRAMENTO) 
VALUES (2020, 'Japão', 'Tóquio', '2021-07-23', '2021-08-08');

--L03_MODALIDADE
INSERT INTO L03_MODALIDADE (ID, ESPORTE, GENERO) VALUES (1, 'Atletismo', 'M');
INSERT INTO L03_MODALIDADE (ID, ESPORTE, GENERO) VALUES (2, 'Atletismo', 'F');
INSERT INTO L03_MODALIDADE (ID, ESPORTE, GENERO) VALUES (3, 'Natação', 'M');
INSERT INTO L03_MODALIDADE (ID, ESPORTE, GENERO) VALUES (4, 'Natação', 'F');
INSERT INTO L03_MODALIDADE (ID, ESPORTE, GENERO) VALUES (5, 'Ginástica Artística', 'M');
INSERT INTO L03_MODALIDADE (ID, ESPORTE, GENERO) VALUES (6, 'Ginástica Artística', 'F');
INSERT INTO L03_MODALIDADE (ID, ESPORTE, GENERO) VALUES (7, 'Vôlei', 'M');
INSERT INTO L03_MODALIDADE (ID, ESPORTE, GENERO) VALUES (8, 'Vôlei', 'F');
INSERT INTO L03_MODALIDADE (ID, ESPORTE, GENERO) VALUES (9, 'Judô', 'M');
INSERT INTO L03_MODALIDADE (ID, ESPORTE, GENERO) VALUES (10, 'Judô', 'F');
INSERT INTO L03_MODALIDADE (ID, ESPORTE, GENERO) VALUES (11, 'Futebol', 'F');

--L04_LOCAL
INSERT INTO L04_LOCAL (ID, NOME, TIPO, CAPACIDADE, PAIS) VALUES (1, 'Estádio do Maracanã', 'ESTADIO', 78838, 'Brasil');
INSERT INTO L04_LOCAL (ID, NOME, TIPO, CAPACIDADE, PAIS) VALUES (2, 'Estádio Olímpico de Sydney', 'ESTADIO', 83500, 'Austrália');
INSERT INTO L04_LOCAL (ID, NOME, TIPO, CAPACIDADE, PAIS) VALUES (3, 'Estádio Nacional de Pequim', 'ESTADIO', 80000, 'China');
INSERT INTO L04_LOCAL (ID, NOME, TIPO, CAPACIDADE, PAIS) VALUES (4, 'Estádio Olímpico de Londres', 'ESTADIO', 66000, 'Reino Unido');
INSERT INTO L04_LOCAL (ID, NOME, TIPO, CAPACIDADE, PAIS) VALUES (5, 'Tokyo Dome', 'GINASIO', 55000, 'Japão');
INSERT INTO L04_LOCAL (ID, NOME, TIPO, CAPACIDADE, PAIS) VALUES (6, 'Arena O2', 'GINASIO', 20000, 'Reino Unido');
INSERT INTO L04_LOCAL (ID, NOME, TIPO, CAPACIDADE, PAIS) VALUES (7, 'Arena Carioca 1', 'GINASIO', 16000, 'Brasil');
INSERT INTO L04_LOCAL (ID, NOME, TIPO, CAPACIDADE, PAIS) VALUES (9, 'Centro Aquático Nacional', 'PISCINA', 17000, 'China');
INSERT INTO L04_LOCAL (ID, NOME, TIPO, CAPACIDADE, PAIS) VALUES (10, 'Centro Aquático Maria Lenk', 'PISCINA', 6000, 'Brasil');

--L05_DISPUTA
-- Primeira rodada
INSERT INTO L05_DISPUTA (ID, PAIS1, PAIS2, VENCEDOR, MODALIDADE, OLIMPIADA, DATA_HORA, LOCAL) 
VALUES (1, 'Brasil', 'Estados Unidos', 'Brasil', 1, 2008, '2008-08-09 10:00:00', 3);

INSERT INTO L05_DISPUTA (ID, PAIS1, PAIS2, VENCEDOR, MODALIDADE, OLIMPIADA, DATA_HORA, LOCAL) 
VALUES (2, 'China', 'Japão', 'China', 1, 2008, '2008-08-09 12:00:00', 3);

INSERT INTO L05_DISPUTA (ID, PAIS1, PAIS2, VENCEDOR, MODALIDADE, OLIMPIADA, DATA_HORA, LOCAL) 
VALUES (3, 'Alemanha', 'França', 'Alemanha', 1, 2008, '2008-08-09 14:00:00', 3);

INSERT INTO L05_DISPUTA (ID, PAIS1, PAIS2, VENCEDOR, MODALIDADE, OLIMPIADA, DATA_HORA, LOCAL) 
VALUES (4, 'Reino Unido', 'Rússia', 'Reino Unido', 1, 2008, '2008-08-09 16:00:00', 3);

-- Segunda rodada
INSERT INTO L05_DISPUTA (ID, PAIS1, PAIS2, VENCEDOR, MODALIDADE, OLIMPIADA, DATA_HORA, LOCAL) 
VALUES (5, 'Brasil', 'China', 'Brasil', 1, 2008, '2008-08-11 10:00:00', 3);

INSERT INTO L05_DISPUTA (ID, PAIS1, PAIS2, VENCEDOR, MODALIDADE, OLIMPIADA, DATA_HORA, LOCAL) 
VALUES (6, 'Alemanha', 'Reino Unido', 'Alemanha', 1, 2008, '2008-08-11 12:00:00', 3);

-- Final
INSERT INTO L05_DISPUTA (ID, PAIS1, PAIS2, VENCEDOR, MODALIDADE, OLIMPIADA, DATA_HORA, LOCAL) 
VALUES (7, 'Brasil', 'Alemanha', 'Brasil', 1, 2008, '2008-08-13 15:00:00', 3);

-- Primeira rodada
INSERT INTO L05_DISPUTA (ID, PAIS1, PAIS2, VENCEDOR, MODALIDADE, OLIMPIADA, DATA_HORA, LOCAL) 
VALUES (8, 'Brasil', 'Alemanha', 'Brasil', 2, 2016, '2016-08-06 10:00:00', 1);

INSERT INTO L05_DISPUTA (ID, PAIS1, PAIS2, VENCEDOR, MODALIDADE, OLIMPIADA, DATA_HORA, LOCAL) 
VALUES (9, 'Estados Unidos', 'China', 'Estados Unidos', 2, 2016, '2016-08-06 12:00:00', 1);

INSERT INTO L05_DISPUTA (ID, PAIS1, PAIS2, VENCEDOR, MODALIDADE, OLIMPIADA, DATA_HORA, LOCAL) 
VALUES (10, 'Japão', 'França', 'Japão', 2, 2016, '2016-08-06 14:00:00', 1);

INSERT INTO L05_DISPUTA (ID, PAIS1, PAIS2, VENCEDOR, MODALIDADE, OLIMPIADA, DATA_HORA, LOCAL) 
VALUES (11, 'Rússia', 'Reino Unido', 'Rússia', 2, 2016, '2016-08-06 16:00:00', 1);

INSERT INTO L05_DISPUTA (ID, PAIS1, PAIS2, VENCEDOR, MODALIDADE, OLIMPIADA, DATA_HORA, LOCAL) 
VALUES (12, 'Austrália', 'Nigéria', 'Austrália', 2, 2016, '2016-08-06 18:00:00', 1);

-- Segunda rodada
INSERT INTO L05_DISPUTA (ID, PAIS1, PAIS2, VENCEDOR, MODALIDADE, OLIMPIADA, DATA_HORA, LOCAL) 
VALUES (13, 'Brasil', 'Estados Unidos', 'Brasil', 2, 2016, '2016-08-08 10:00:00', 1);

INSERT INTO L05_DISPUTA (ID, PAIS1, PAIS2, VENCEDOR, MODALIDADE, OLIMPIADA, DATA_HORA, LOCAL) 
VALUES (14, 'Japão', 'Rússia', 'Japão', 2, 2016, '2016-08-08 12:00:00', 1);

-- Terceira rodada
INSERT INTO L05_DISPUTA (ID, PAIS1, PAIS2, VENCEDOR, MODALIDADE, OLIMPIADA, DATA_HORA, LOCAL) 
VALUES (15, 'Austrália', 'Brasil', 'Brasil', 2, 2016, '2016-08-10 14:00:00', 1);

-- Final
INSERT INTO L05_DISPUTA (ID, PAIS1, PAIS2, VENCEDOR, MODALIDADE, OLIMPIADA, DATA_HORA, LOCAL) 
VALUES (16, 'Japão', 'Brasil', 'Brasil', 2, 2016, '2016-08-12 16:00:00', 1);


-- Primeira rodada
INSERT INTO L05_DISPUTA (ID, PAIS1, PAIS2, VENCEDOR, MODALIDADE, OLIMPIADA, DATA_HORA, LOCAL) 
VALUES (32, 'Brasil', 'Alemanha', 'Alemanha', 11, 2012, '2012-07-28 10:00:00', 4);

INSERT INTO L05_DISPUTA (ID, PAIS1, PAIS2, VENCEDOR, MODALIDADE, OLIMPIADA, DATA_HORA, LOCAL) 
VALUES (33, 'Estados Unidos', 'China', 'Estados Unidos', 11, 2012, '2012-07-28 12:00:00', 4);

INSERT INTO L05_DISPUTA (ID, PAIS1, PAIS2, VENCEDOR, MODALIDADE, OLIMPIADA, DATA_HORA, LOCAL) 
VALUES (34, 'Japão', 'França', 'França', 11, 2012, '2012-07-28 14:00:00', 4);

INSERT INTO L05_DISPUTA (ID, PAIS1, PAIS2, VENCEDOR, MODALIDADE, OLIMPIADA, DATA_HORA, LOCAL) 
VALUES (35, 'Rússia', 'Reino Unido', 'Reino Unido', 11, 2012, '2012-07-28 16:00:00', 4);

INSERT INTO L05_DISPUTA (ID, PAIS1, PAIS2, VENCEDOR, MODALIDADE, OLIMPIADA, DATA_HORA, LOCAL) 
VALUES (36, 'Austrália', 'Nigéria', 'Austrália', 11, 2012, '2012-07-29 10:00:00', 4);

INSERT INTO L05_DISPUTA (ID, PAIS1, PAIS2, VENCEDOR, MODALIDADE, OLIMPIADA, DATA_HORA, LOCAL) 
VALUES (37, 'Argentina', 'Itália', 'Itália', 11, 2012, '2012-07-29 12:00:00', 4);

INSERT INTO L05_DISPUTA (ID, PAIS1, PAIS2, VENCEDOR, MODALIDADE, OLIMPIADA, DATA_HORA, LOCAL) 
VALUES (38, 'Canadá', 'Espanha', 'Espanha', 11, 2012, '2012-07-29 14:00:00', 4);

INSERT INTO L05_DISPUTA (ID, PAIS1, PAIS2, VENCEDOR, MODALIDADE, OLIMPIADA, DATA_HORA, LOCAL) 
VALUES (39, 'México', 'África do Sul', 'México', 11, 2012, '2012-07-29 16:00:00', 4);

-- Segunda rodada
INSERT INTO L05_DISPUTA (ID, PAIS1, PAIS2, VENCEDOR, MODALIDADE, OLIMPIADA, DATA_HORA, LOCAL) 
VALUES (40, 'Alemanha', 'Estados Unidos', 'Estados Unidos', 11, 2012, '2012-07-31 10:00:00', 4);

INSERT INTO L05_DISPUTA (ID, PAIS1, PAIS2, VENCEDOR, MODALIDADE, OLIMPIADA, DATA_HORA, LOCAL) 
VALUES (41, 'França', 'Reino Unido', 'Reino Unido', 11, 2012, '2012-07-31 12:00:00', 4);

INSERT INTO L05_DISPUTA (ID, PAIS1, PAIS2, VENCEDOR, MODALIDADE, OLIMPIADA, DATA_HORA, LOCAL) 
VALUES (42, 'Austrália', 'Itália', 'Austrália', 11, 2012, '2012-07-31 14:00:00', 4);

INSERT INTO L05_DISPUTA (ID, PAIS1, PAIS2, VENCEDOR, MODALIDADE, OLIMPIADA, DATA_HORA, LOCAL) 
VALUES (43, 'Espanha', 'México', 'Espanha', 11, 2012, '2012-07-31 16:00:00', 4);

-- Semifinais
INSERT INTO L05_DISPUTA (ID, PAIS1, PAIS2, VENCEDOR, MODALIDADE, OLIMPIADA, DATA_HORA, LOCAL) 
VALUES (44, 'Estados Unidos', 'Reino Unido', 'Reino Unido', 11, 2012, '2012-08-02 10:00:00', 4);

INSERT INTO L05_DISPUTA (ID, PAIS1, PAIS2, VENCEDOR, MODALIDADE, OLIMPIADA, DATA_HORA, LOCAL) 
VALUES (45, 'Austrália', 'Espanha', 'Espanha', 11, 2012, '2012-08-02 12:00:00', 4);

-- Final
INSERT INTO L05_DISPUTA (ID, PAIS1, PAIS2, VENCEDOR, MODALIDADE, OLIMPIADA, DATA_HORA, LOCAL) 
VALUES (46, 'Reino Unido', 'Espanha', 'Reino Unido', 11, 2012, '2012-08-04 15:00:00', 4);


-- Primeira rodada em 2008
INSERT INTO L05_DISPUTA (ID, PAIS1, PAIS2, VENCEDOR, MODALIDADE, OLIMPIADA, DATA_HORA, LOCAL)
VALUES (47, 'Brasil', 'Estados Unidos', 'Brasil', 8, 2008, '2008-08-09 10:00:00', 10);

INSERT INTO L05_DISPUTA (ID, PAIS1, PAIS2, VENCEDOR, MODALIDADE, OLIMPIADA, DATA_HORA, LOCAL)
VALUES (48, 'China', 'Japão', 'China', 8, 2008, '2008-08-09 12:00:00', 10);

INSERT INTO L05_DISPUTA (ID, PAIS1, PAIS2, VENCEDOR, MODALIDADE, OLIMPIADA, DATA_HORA, LOCAL)
VALUES (49, 'Alemanha', 'França', 'Alemanha', 8, 2008, '2008-08-09 14:00:00', 10);

INSERT INTO L05_DISPUTA (ID, PAIS1, PAIS2, VENCEDOR, MODALIDADE, OLIMPIADA, DATA_HORA, LOCAL)
VALUES (50, 'Reino Unido', 'Rússia', 'Reino Unido', 8, 2008, '2008-08-09 16:00:00', 10);

-- Segunda rodada em 2008
INSERT INTO L05_DISPUTA (ID, PAIS1, PAIS2, VENCEDOR, MODALIDADE, OLIMPIADA, DATA_HORA, LOCAL)
VALUES (51, 'Brasil', 'China', 'Brasil', 8, 2008, '2008-08-11 10:00:00', 10);

INSERT INTO L05_DISPUTA (ID, PAIS1, PAIS2, VENCEDOR, MODALIDADE, OLIMPIADA, DATA_HORA, LOCAL)
VALUES (52, 'Alemanha', 'Reino Unido', 'Alemanha', 8, 2008, '2008-08-11 12:00:00', 10);

-- Final em 2008
INSERT INTO L05_DISPUTA (ID, PAIS1, PAIS2, VENCEDOR, MODALIDADE, OLIMPIADA, DATA_HORA, LOCAL)
VALUES (53, 'Brasil', 'Alemanha', 'Brasil', 8, 2008, '2008-08-13 15:00:00', 10);

-- Primeira rodada em 2016
INSERT INTO L05_DISPUTA (ID, PAIS1, PAIS2, VENCEDOR, MODALIDADE, OLIMPIADA, DATA_HORA, LOCAL)
VALUES (54, 'Brasil', 'Alemanha', 'Brasil', 8, 2016, '2016-08-06 10:00:00', 10);

INSERT INTO L05_DISPUTA (ID, PAIS1, PAIS2, VENCEDOR, MODALIDADE, OLIMPIADA, DATA_HORA, LOCAL)
VALUES (55, 'Estados Unidos', 'China', 'Estados Unidos', 8, 2016, '2016-08-06 12:00:00', 10);

INSERT INTO L05_DISPUTA (ID, PAIS1, PAIS2, VENCEDOR, MODALIDADE, OLIMPIADA, DATA_HORA, LOCAL)
VALUES (56, 'Japão', 'França', 'Japão', 8, 2016, '2016-08-06 14:00:00', 10);

INSERT INTO L05_DISPUTA (ID, PAIS1, PAIS2, VENCEDOR, MODALIDADE, OLIMPIADA, DATA_HORA, LOCAL)
VALUES (57, 'Rússia', 'Reino Unido', 'Rússia', 8, 2016, '2016-08-06 16:00:00', 10);

INSERT INTO L05_DISPUTA (ID, PAIS1, PAIS2, VENCEDOR, MODALIDADE, OLIMPIADA, DATA_HORA, LOCAL)
VALUES (58, 'Austrália', 'Nigéria', 'Austrália', 8, 2016, '2016-08-06 18:00:00', 10);

-- Segunda rodada em 2016
INSERT INTO L05_DISPUTA (ID, PAIS1, PAIS2, VENCEDOR, MODALIDADE, OLIMPIADA, DATA_HORA, LOCAL)
VALUES (59, 'Brasil', 'Estados Unidos', 'Brasil', 8, 2016, '2016-08-08 10:00:00', 10);

INSERT INTO L05_DISPUTA (ID, PAIS1, PAIS2, VENCEDOR, MODALIDADE, OLIMPIADA, DATA_HORA, LOCAL)
VALUES (60, 'Japão', 'Rússia', 'Japão', 8, 2016, '2016-08-08 12:00:00', 10);

-- Terceira rodada em 2016
INSERT INTO L05_DISPUTA (ID, PAIS1, PAIS2, VENCEDOR, MODALIDADE, OLIMPIADA, DATA_HORA, LOCAL)
VALUES (61, 'Austrália', 'Brasil', 'Brasil', 8, 2016, '2016-08-10 14:00:00', 10);

-- Final em 2016
INSERT INTO L05_DISPUTA (ID, PAIS1, PAIS2, VENCEDOR, MODALIDADE, OLIMPIADA, DATA_HORA, LOCAL)
VALUES (62, 'Japão', 'Brasil', 'Brasil', 8, 2016, '2016-08-12 16:00:00', 10);


INSERT INTO L05_DISPUTA (ID, PAIS1, PAIS2, VENCEDOR, MODALIDADE, OLIMPIADA, DATA_HORA, LOCAL)
VALUES (80, 'Brasil', 'Estados Unidos', 'Estados Unidos', 5, 2008, '2008-08-10 10:00:00', 7);

INSERT INTO L05_DISPUTA (ID, PAIS1, PAIS2, VENCEDOR, MODALIDADE, OLIMPIADA, DATA_HORA, LOCAL)
VALUES (81, 'China', 'Japão', 'China', 5, 2008, '2008-08-10 12:00:00', 7);

INSERT INTO L05_DISPUTA (ID, PAIS1, PAIS2, VENCEDOR, MODALIDADE, OLIMPIADA, DATA_HORA, LOCAL)
VALUES (82, 'Alemanha', 'França', 'Alemanha', 5, 2008, '2008-08-10 14:00:00', 7);

INSERT INTO L05_DISPUTA (ID, PAIS1, PAIS2, VENCEDOR, MODALIDADE, OLIMPIADA, DATA_HORA, LOCAL)
VALUES (83, 'Reino Unido', 'Rússia', 'Rússia', 5, 2008, '2008-08-10 16:00:00', 7);

-- Segunda rodada
INSERT INTO L05_DISPUTA (ID, PAIS1, PAIS2, VENCEDOR, MODALIDADE, OLIMPIADA, DATA_HORA, LOCAL)
VALUES (84, 'Estados Unidos', 'China', 'China', 5, 2008, '2008-08-12 10:00:00', 7);

INSERT INTO L05_DISPUTA (ID, PAIS1, PAIS2, VENCEDOR, MODALIDADE, OLIMPIADA, DATA_HORA, LOCAL)
VALUES (85, 'Alemanha', 'Rússia', 'Alemanha', 5, 2008, '2008-08-12 12:00:00', 7);

-- Final
INSERT INTO L05_DISPUTA (ID, PAIS1, PAIS2, VENCEDOR, MODALIDADE, OLIMPIADA, DATA_HORA, LOCAL)
VALUES (86, 'China', 'Alemanha', 'China', 5, 2008, '2008-08-14 15:00:00', 7);


INSERT INTO L05_DISPUTA (ID, PAIS1, PAIS2, VENCEDOR, MODALIDADE, OLIMPIADA, DATA_HORA, LOCAL) 
VALUES (401, 'Índia', 'Canadá', 'Índia', 4, 2016, '2016-10-12 14:00:00', 1);

INSERT INTO L05_DISPUTA (ID, PAIS1, PAIS2, VENCEDOR, MODALIDADE, OLIMPIADA, DATA_HORA, LOCAL) 
VALUES (402, 'Estados Unidos', 'China', 'Estados Unidos', 4, 2016, '2016-10-13 16:00:00', 1);

INSERT INTO L05_DISPUTA (ID, PAIS1, PAIS2, VENCEDOR, MODALIDADE, OLIMPIADA, DATA_HORA, LOCAL) 
VALUES (403, 'Brasil', 'Alemanha', 'Brasil', 4, 2016, '2016-10-14 16:00:00', 1);

INSERT INTO L05_DISPUTA (ID, PAIS1, PAIS2, VENCEDOR, MODALIDADE, OLIMPIADA, DATA_HORA, LOCAL) 
VALUES (404, 'Rússia', 'Itália', 'Rússia', 4, 2016, '2016-10-15 16:00:00', 1);

--Semifinais
INSERT INTO L05_DISPUTA (ID, PAIS1, PAIS2, VENCEDOR, MODALIDADE, OLIMPIADA, DATA_HORA, LOCAL) 
VALUES (405, 'Índia', 'Estados Unidos', 'Índia', 4, 2016, '2016-10-16 16:00:00', 1);

INSERT INTO L05_DISPUTA (ID, PAIS1, PAIS2, VENCEDOR, MODALIDADE, OLIMPIADA, DATA_HORA, LOCAL) 
VALUES (406, 'Brasil', 'Rússia', 'Brasil', 4, 2016, '2016-10-17 16:00:00', 1);

--Final
INSERT INTO L05_DISPUTA (ID, PAIS1, PAIS2, VENCEDOR, MODALIDADE, OLIMPIADA, DATA_HORA, LOCAL) 
VALUES (407, 'Brasil', 'Índia', 'Índia', 4, 2016, '2016-10-18 16:00:00', 1);



INSERT INTO L05_DISPUTA (ID, PAIS1, PAIS2, VENCEDOR, MODALIDADE, OLIMPIADA, DATA_HORA, LOCAL) 
VALUES (300, 'Estados Unidos', 'Canadá', 'Estados Unidos', 6, 2016, '2024-08-05 10:00:00', 1);

INSERT INTO L05_DISPUTA (ID, PAIS1, PAIS2, VENCEDOR, MODALIDADE, OLIMPIADA, DATA_HORA, LOCAL) 
VALUES (301, 'França', 'Alemanha', 'França', 6, 2016, '2024-08-05 12:00:00', 2);

INSERT INTO L05_DISPUTA (ID, PAIS1, PAIS2, VENCEDOR, MODALIDADE, OLIMPIADA, DATA_HORA, LOCAL) 
VALUES (302, 'Japão', 'Brasil', 'Japão', 6, 2016, '2024-08-05 14:00:00', 3);

INSERT INTO L05_DISPUTA (ID, PAIS1, PAIS2, VENCEDOR, MODALIDADE, OLIMPIADA, DATA_HORA, LOCAL) 
VALUES (303, 'Reino Unido', 'China', 'Reino Unido', 6, 2016, '2024-08-05 16:00:00', 4);

-- Segunda rodada
INSERT INTO L05_DISPUTA (ID, PAIS1, PAIS2, VENCEDOR, MODALIDADE, OLIMPIADA, DATA_HORA, LOCAL) 
VALUES (304, 'Estados Unidos', 'França', 'Estados Unidos', 6, 2016, '2024-08-08 10:00:00', 1);

INSERT INTO L05_DISPUTA (ID, PAIS1, PAIS2, VENCEDOR, MODALIDADE, OLIMPIADA, DATA_HORA, LOCAL) 
VALUES (305, 'Japão', 'Reino Unido', 'Japão', 6, 2016, '2024-08-08 12:00:00', 2);

-- Final
INSERT INTO L05_DISPUTA (ID, PAIS1, PAIS2, VENCEDOR, MODALIDADE, OLIMPIADA, DATA_HORA, LOCAL) 
VALUES (306, 'Estados Unidos', 'Japão', 'Estados Unidos', 6, 2016, '2024-08-10 15:00:00', 3);

-- Fase Eliminatória
INSERT INTO L05_DISPUTA (ID, PAIS1, PAIS2, VENCEDOR, MODALIDADE, OLIMPIADA, DATA_HORA, LOCAL) VALUES
(500, 'França', 'Japão', 'Japão', 10, 2012, '2012-07-30 10:00', 6);
INSERT INTO L05_DISPUTA (ID, PAIS1, PAIS2, VENCEDOR, MODALIDADE, OLIMPIADA, DATA_HORA, LOCAL) VALUES
(501, 'Estados Unidos', 'Brasil', 'Estados Unidos', 10, 2012, '2012-07-30 12:00', 6);
INSERT INTO L05_DISPUTA (ID, PAIS1, PAIS2, VENCEDOR, MODALIDADE, OLIMPIADA, DATA_HORA, LOCAL) VALUES
(502, 'Canadá', 'Alemanha', 'Alemanha', 10, 2012, '2012-07-30 14:00', 6);
INSERT INTO L05_DISPUTA (ID, PAIS1, PAIS2, VENCEDOR, MODALIDADE, OLIMPIADA, DATA_HORA, LOCAL) VALUES
(503, 'China', 'Rússia', 'China', 10, 2012, '2012-07-30 16:00', 6);
INSERT INTO L05_DISPUTA (ID, PAIS1, PAIS2, VENCEDOR, MODALIDADE, OLIMPIADA, DATA_HORA, LOCAL) VALUES
(504, 'Itália', 'Nigéria', 'Nigéria', 10, 2012, '2012-07-31 10:00', 6);
INSERT INTO L05_DISPUTA (ID, PAIS1, PAIS2, VENCEDOR, MODALIDADE, OLIMPIADA, DATA_HORA, LOCAL) VALUES
(505, 'Argentina', 'Reino Unido', 'Reino Unido', 10, 2012, '2012-07-31 12:00', 6);
INSERT INTO L05_DISPUTA (ID, PAIS1, PAIS2, VENCEDOR, MODALIDADE, OLIMPIADA, DATA_HORA, LOCAL) VALUES
(506, 'Espanha', 'Austrália', 'Espanha', 10, 2012, '2012-07-31 14:00', 6);
INSERT INTO L05_DISPUTA (ID, PAIS1, PAIS2, VENCEDOR, MODALIDADE, OLIMPIADA, DATA_HORA, LOCAL) VALUES
(507, 'Turquia', 'México', 'México', 10, 2012, '2012-07-31 16:00', 6);

-- Quartas de Final
INSERT INTO L05_DISPUTA (ID, PAIS1, PAIS2, VENCEDOR, MODALIDADE, OLIMPIADA, DATA_HORA, LOCAL) VALUES
(508, 'Japão', 'Estados Unidos', 'Japão', 10, 2012, '2012-08-01 10:00', 6);
INSERT INTO L05_DISPUTA (ID, PAIS1, PAIS2, VENCEDOR, MODALIDADE, OLIMPIADA, DATA_HORA, LOCAL) VALUES
(509, 'Alemanha', 'China', 'China', 10, 2012, '2012-08-01 12:00', 6);
INSERT INTO L05_DISPUTA (ID, PAIS1, PAIS2, VENCEDOR, MODALIDADE, OLIMPIADA, DATA_HORA, LOCAL) VALUES
(510, 'Nigéria', 'Reino Unido', 'Reino Unido', 10, 2012, '2012-08-01 14:00', 6);
INSERT INTO L05_DISPUTA (ID, PAIS1, PAIS2, VENCEDOR, MODALIDADE, OLIMPIADA, DATA_HORA, LOCAL) VALUES
(511, 'Espanha', 'México', 'México', 10, 2012, '2012-08-01 16:00', 6);

-- Semifinais
INSERT INTO L05_DISPUTA (ID, PAIS1, PAIS2, VENCEDOR, MODALIDADE, OLIMPIADA, DATA_HORA, LOCAL) VALUES
(512, 'Japão', 'China', 'Japão', 10, 2012, '2012-08-02 10:00', 6);
INSERT INTO L05_DISPUTA (ID, PAIS1, PAIS2, VENCEDOR, MODALIDADE, OLIMPIADA, DATA_HORA, LOCAL) VALUES
(513, 'Reino Unido', 'México', 'Reino Unido', 10, 2012, '2012-08-02 12:00', 6);

-- Final
INSERT INTO L05_DISPUTA (ID, PAIS1, PAIS2, VENCEDOR, MODALIDADE, OLIMPIADA, DATA_HORA, LOCAL) VALUES
(514, 'Japão', 'Reino Unido', 'Japão', 10, 2012, '2012-08-03 10:00', 6);

-- Fase Eliminatória
INSERT INTO L05_DISPUTA (ID, PAIS1, PAIS2, VENCEDOR, MODALIDADE, OLIMPIADA, DATA_HORA, LOCAL) VALUES
(515, 'Japão', 'Estados Unidos', 'Japão', 10, 2020, '2020-07-25 10:00', 5);
INSERT INTO L05_DISPUTA (ID, PAIS1, PAIS2, VENCEDOR, MODALIDADE, OLIMPIADA, DATA_HORA, LOCAL) VALUES
(516, 'Brasil', 'França', 'França', 10, 2020, '2020-07-25 12:00', 5);
INSERT INTO L05_DISPUTA (ID, PAIS1, PAIS2, VENCEDOR, MODALIDADE, OLIMPIADA, DATA_HORA, LOCAL) VALUES
(517, 'Alemanha', 'China', 'China', 10, 2020, '2020-07-25 14:00', 5);
INSERT INTO L05_DISPUTA (ID, PAIS1, PAIS2, VENCEDOR, MODALIDADE, OLIMPIADA, DATA_HORA, LOCAL) VALUES
(518, 'Rússia', 'Canadá', 'Rússia', 10, 2020, '2020-07-25 16:00', 5);
INSERT INTO L05_DISPUTA (ID, PAIS1, PAIS2, VENCEDOR, MODALIDADE, OLIMPIADA, DATA_HORA, LOCAL) VALUES
(519, 'Indonésia', 'Itália', 'Indonésia', 10, 2020, '2020-07-26 10:00', 5);
INSERT INTO L05_DISPUTA (ID, PAIS1, PAIS2, VENCEDOR, MODALIDADE, OLIMPIADA, DATA_HORA, LOCAL) VALUES
(520, 'Argentina', 'Reino Unido', 'Reino Unido', 10, 2020, '2020-07-26 12:00', 5);
INSERT INTO L05_DISPUTA (ID, PAIS1, PAIS2, VENCEDOR, MODALIDADE, OLIMPIADA, DATA_HORA, LOCAL) VALUES
(521, 'Espanha', 'Austrália', 'Espanha', 10, 2020, '2020-07-26 14:00', 5);
INSERT INTO L05_DISPUTA (ID, PAIS1, PAIS2, VENCEDOR, MODALIDADE, OLIMPIADA, DATA_HORA, LOCAL) VALUES
(522, 'Turquia', 'México', 'México', 10, 2020, '2020-07-26 16:00', 5);

-- Quartas de Final
INSERT INTO L05_DISPUTA (ID, PAIS1, PAIS2, VENCEDOR, MODALIDADE, OLIMPIADA, DATA_HORA, LOCAL) VALUES
(523, 'Japão', 'França', 'Japão', 10, 2020, '2020-07-27 10:00', 5);
INSERT INTO L05_DISPUTA (ID, PAIS1, PAIS2, VENCEDOR, MODALIDADE, OLIMPIADA, DATA_HORA, LOCAL) VALUES
(524, 'China', 'Rússia', 'China', 10, 2020, '2020-07-27 12:00', 5);
INSERT INTO L05_DISPUTA (ID, PAIS1, PAIS2, VENCEDOR, MODALIDADE, OLIMPIADA, DATA_HORA, LOCAL) VALUES
(525, 'Indonésia', 'Reino Unido', 'Reino Unido', 10, 2020, '2020-07-27 14:00', 5);
INSERT INTO L05_DISPUTA (ID, PAIS1, PAIS2, VENCEDOR, MODALIDADE, OLIMPIADA, DATA_HORA, LOCAL) VALUES
(526, 'Espanha', 'México', 'México', 10, 2020, '2020-07-27 16:00', 5);

-- Semifinais
INSERT INTO L05_DISPUTA (ID, PAIS1, PAIS2, VENCEDOR, MODALIDADE, OLIMPIADA, DATA_HORA, LOCAL) VALUES
(527, 'Japão', 'China', 'Japão', 10, 2020, '2020-07-28 10:00', 5);
INSERT INTO L05_DISPUTA (ID, PAIS1, PAIS2, VENCEDOR, MODALIDADE, OLIMPIADA, DATA_HORA, LOCAL) VALUES
(528, 'Reino Unido', 'México', 'Reino Unido', 10, 2020, '2020-07-28 12:00', 5);
-- Final
INSERT INTO L05_DISPUTA (ID, PAIS1, PAIS2, VENCEDOR, MODALIDADE, OLIMPIADA, DATA_HORA, LOCAL) VALUES
(529, 'Japão', 'Reino Unido', 'Japão', 10, 2020, '2020-07-29 10:00', 5);


INSERT INTO L05_DISPUTA (ID, PAIS1, PAIS2, VENCEDOR, MODALIDADE, OLIMPIADA, DATA_HORA, LOCAL) 
VALUES (100, 'Rússia', 'Brasil', 'Rússia', 1, 2016, '2016-08-01 10:00:00', 1);

INSERT INTO L05_DISPUTA (ID, PAIS1, PAIS2, VENCEDOR, MODALIDADE, OLIMPIADA, DATA_HORA, LOCAL) 
VALUES (101, 'Rússia', 'Estados Unidos', 'Rússia', 1, 2016, '2016-08-01 12:00:00', 1);

INSERT INTO L05_DISPUTA (ID, PAIS1, PAIS2, VENCEDOR, MODALIDADE, OLIMPIADA, DATA_HORA, LOCAL) 
VALUES (102, 'Rússia', 'China', 'Rússia', 1, 2016, '2016-08-01 14:00:00', 1);

INSERT INTO L05_DISPUTA (ID, PAIS1, PAIS2, VENCEDOR, MODALIDADE, OLIMPIADA, DATA_HORA, LOCAL) 
VALUES (103, 'Rússia', 'Japão', 'Rússia', 1, 2016, '2016-08-01 16:00:00', 1);

INSERT INTO L05_DISPUTA (ID, PAIS1, PAIS2, VENCEDOR, MODALIDADE, OLIMPIADA, DATA_HORA, LOCAL) 
VALUES (104, 'Rússia', 'França', 'Rússia', 2, 2016, '2016-08-02 10:00:00', 1);

INSERT INTO L05_DISPUTA (ID, PAIS1, PAIS2, VENCEDOR, MODALIDADE, OLIMPIADA, DATA_HORA, LOCAL) 
VALUES (105, 'Rússia', 'Alemanha', 'Rússia', 2, 2016, '2016-08-02 12:00:00', 1);

-- Segunda rodada
INSERT INTO L05_DISPUTA (ID, PAIS1, PAIS2, VENCEDOR, MODALIDADE, OLIMPIADA, DATA_HORA, LOCAL) 
VALUES (106, 'Rússia', 'Reino Unido', 'Rússia', 3, 2016, '2016-08-03 10:00:00', 1);

INSERT INTO L05_DISPUTA (ID, PAIS1, PAIS2, VENCEDOR, MODALIDADE, OLIMPIADA, DATA_HORA, LOCAL) 
VALUES (107, 'Rússia', 'Brasil', 'Rússia', 3, 2016, '2016-08-03 12:00:00', 1);

INSERT INTO L05_DISPUTA (ID, PAIS1, PAIS2, VENCEDOR, MODALIDADE, OLIMPIADA, DATA_HORA, LOCAL) 
VALUES (108, 'Rússia', 'China', 'Rússia', 4, 2016, '2016-08-04 10:00:00', 1);

INSERT INTO L05_DISPUTA (ID, PAIS1, PAIS2, VENCEDOR, MODALIDADE, OLIMPIADA, DATA_HORA, LOCAL) 
VALUES (109, 'Rússia', 'Estados Unidos', 'Rússia', 4, 2016, '2016-08-04 12:00:00', 1);

INSERT INTO L05_DISPUTA (ID, PAIS1, PAIS2, VENCEDOR, MODALIDADE, OLIMPIADA, DATA_HORA, LOCAL) 
VALUES (110, 'Rússia', 'Japão', 'Rússia', 5, 2016, '2016-08-05 10:00:00', 1);

-- Terceira rodada
INSERT INTO L05_DISPUTA (ID, PAIS1, PAIS2, VENCEDOR, MODALIDADE, OLIMPIADA, DATA_HORA, LOCAL) 
VALUES (111, 'Rússia', 'França', 'Rússia', 5, 2016, '2016-08-05 12:00:00', 1);

INSERT INTO L05_DISPUTA (ID, PAIS1, PAIS2, VENCEDOR, MODALIDADE, OLIMPIADA, DATA_HORA, LOCAL) 
VALUES (112, 'Rússia', 'Alemanha', 'Rússia', 5, 2016, '2016-08-05 14:00:00', 1);

-- Final
INSERT INTO L05_DISPUTA (ID, PAIS1, PAIS2, VENCEDOR, MODALIDADE, OLIMPIADA, DATA_HORA, LOCAL) 
VALUES (113, 'Rússia', 'Brasil', 'Rússia', 5, 2016, '2016-08-05 16:00:00', 1);

INSERT INTO L05_DISPUTA (ID, PAIS1, PAIS2, VENCEDOR, MODALIDADE, OLIMPIADA, DATA_HORA, LOCAL) 
VALUES (114, 'Rússia', 'Japão', 'Rússia', 6, 2016, '2016-08-13 16:00:00', 1);

INSERT INTO L05_DISPUTA (ID, PAIS1, PAIS2, VENCEDOR, MODALIDADE, OLIMPIADA, DATA_HORA, LOCAL) 
VALUES (115, 'Rússia', 'Estados Unidos', 'Rússia', 5, 2016, '2016-08-14 16:00:00', 1);

INSERT INTO L05_DISPUTA (ID, PAIS1, PAIS2, VENCEDOR, MODALIDADE, OLIMPIADA, DATA_HORA, LOCAL) 
VALUES (116, 'Rússia', 'China', 'Rússia', 5, 2016, '2016-08-15 16:00:00', 1);

INSERT INTO L05_DISPUTA (ID, PAIS1, PAIS2, VENCEDOR, MODALIDADE, OLIMPIADA, DATA_HORA, LOCAL) 
VALUES (117, 'Rússia', 'França', 'Rússia', 6, 2016, '2016-08-16 16:00:00', 1);

INSERT INTO L05_DISPUTA (ID, PAIS1, PAIS2, VENCEDOR, MODALIDADE, OLIMPIADA, DATA_HORA, LOCAL) 
VALUES (118, 'Rússia', 'Alemanha', 'Rússia', 6, 2016, '2016-08-17 16:00:00', 1);

INSERT INTO L05_DISPUTA (ID, PAIS1, PAIS2, VENCEDOR, MODALIDADE, OLIMPIADA, DATA_HORA, LOCAL) 
VALUES (119, 'Rússia', 'Reino Unido', 'Rússia', 6, 2016, '2016-08-18 16:00:00', 1);

INSERT INTO L05_DISPUTA (ID, PAIS1, PAIS2, VENCEDOR, MODALIDADE, OLIMPIADA, DATA_HORA, LOCAL) 
VALUES (120, 'Rússia', 'Brasil', 'Rússia', 7, 2016, '2016-08-19 16:00:00', 1);



INSERT INTO L04_LOCAL (ID, NOME, TIPO, CAPACIDADE, PAIS) VALUES (14, 'Centro Nacional', 'ESTADIO', 17000, 'Brasil');

-- Primeira rodada
INSERT INTO L05_DISPUTA (ID, PAIS1, PAIS2, VENCEDOR, MODALIDADE, OLIMPIADA, DATA_HORA, LOCAL) 
VALUES (901, 'Brasil', 'Alemanha', 'Brasil', 7, 2008, '2008-08-10 10:00:00', 14);

INSERT INTO L05_DISPUTA (ID, PAIS1, PAIS2, VENCEDOR, MODALIDADE, OLIMPIADA, DATA_HORA, LOCAL) 
VALUES (902, 'China', 'Japão', 'China', 7, 2008, '2008-08-10 12:00:00', 14);

INSERT INTO L05_DISPUTA (ID, PAIS1, PAIS2, VENCEDOR, MODALIDADE, OLIMPIADA, DATA_HORA, LOCAL) 
VALUES (903, 'França', 'Reino Unido', 'Reino Unido', 7, 2008, '2008-08-10 14:00:00', 14);

INSERT INTO L05_DISPUTA (ID, PAIS1, PAIS2, VENCEDOR, MODALIDADE, OLIMPIADA, DATA_HORA, LOCAL) 
VALUES (904, 'Estados Unidos', 'Rússia', 'Rússia', 7, 2008, '2008-08-10 16:00:00', 14);

-- Segunda rodada
INSERT INTO L05_DISPUTA (ID, PAIS1, PAIS2, VENCEDOR, MODALIDADE, OLIMPIADA, DATA_HORA, LOCAL) 
VALUES (905, 'Brasil', 'China', 'Brasil', 7, 2008, '2008-08-12 10:00:00', 14);

INSERT INTO L05_DISPUTA (ID, PAIS1, PAIS2, VENCEDOR, MODALIDADE, OLIMPIADA, DATA_HORA, LOCAL) 
VALUES (906, 'Rússia', 'Reino Unido', 'Rússia', 7, 2008, '2008-08-12 12:00:00', 14);

-- Final
INSERT INTO L05_DISPUTA (ID, PAIS1, PAIS2, VENCEDOR, MODALIDADE, OLIMPIADA, DATA_HORA, LOCAL) 
VALUES (907, 'Brasil', 'Rússia', 'Brasil', 7, 2008, '2008-08-14 15:00:00', 14);

--L06_ATLETA
INSERT INTO L06_ATLETA (PASSAPORTE, NOME, PAIS, GENERO, MODALIDADE) VALUES ('BR12345', 'Carlos Silva', 'Brasil', 'M', 1);
INSERT INTO L06_ATLETA (PASSAPORTE, NOME, PAIS, GENERO, MODALIDADE) VALUES ('AR67890', 'Juan Pérez', 'Argentina', 'M', 1);
INSERT INTO L06_ATLETA (PASSAPORTE, NOME, PAIS, GENERO, MODALIDADE) VALUES ('MX13579', 'Luis Hernández', 'México', 'M', 1);
INSERT INTO L06_ATLETA (PASSAPORTE, NOME, PAIS, GENERO, MODALIDADE) VALUES ('CN24680', 'Li Wei', 'China', 'M', 1);
INSERT INTO L06_ATLETA (PASSAPORTE, NOME, PAIS, GENERO, MODALIDADE) VALUES ('IN98765', 'Raj Kumar', 'Índia', 'M', 1);
INSERT INTO L06_ATLETA (PASSAPORTE, NOME, PAIS, GENERO, MODALIDADE) VALUES ('JP12345', 'Yuki Tanaka', 'Japão', 'M', 1);
INSERT INTO L06_ATLETA (PASSAPORTE, NOME, PAIS, GENERO, MODALIDADE) VALUES ('US67890', 'Michael Johnson', 'Estados Unidos', 'M', 1);
INSERT INTO L06_ATLETA (PASSAPORTE, NOME, PAIS, GENERO, MODALIDADE) VALUES ('FR13579', 'Pierre Dubois', 'França', 'M', 1);
INSERT INTO L06_ATLETA (PASSAPORTE, NOME, PAIS, GENERO, MODALIDADE) VALUES ('DE24680', 'Hans Müller', 'Alemanha', 'M', 1);
INSERT INTO L06_ATLETA (PASSAPORTE, NOME, PAIS, GENERO, MODALIDADE) VALUES ('GB98765', 'John Smith', 'Reino Unido', 'M', 1);
INSERT INTO L06_ATLETA (PASSAPORTE, NOME, PAIS, GENERO, MODALIDADE) VALUES ('RU54321', 'Dmitry Ivanov', 'Rússia', 'M', 1);
INSERT INTO L06_ATLETA (PASSAPORTE, NOME, PAIS, GENERO, MODALIDADE) VALUES ('IT56789', 'Giovanni Rossi', 'Itália', 'M', 1);

INSERT INTO L06_ATLETA (PASSAPORTE, NOME, PAIS, GENERO, MODALIDADE) VALUES ('BR54321', 'Ana Souza', 'Brasil', 'F', 2);
INSERT INTO L06_ATLETA (PASSAPORTE, NOME, PAIS, GENERO, MODALIDADE) VALUES ('AR98765', 'María López', 'Argentina', 'F', 2);
INSERT INTO L06_ATLETA (PASSAPORTE, NOME, PAIS, GENERO, MODALIDADE) VALUES ('MX24680', 'Sofía Martínez', 'México', 'F', 2);
INSERT INTO L06_ATLETA (PASSAPORTE, NOME, PAIS, GENERO, MODALIDADE) VALUES ('CN13579', 'Zhang Mei', 'China', 'F', 2);
INSERT INTO L06_ATLETA (PASSAPORTE, NOME, PAIS, GENERO, MODALIDADE) VALUES ('IN67890', 'Aarti Sharma', 'Índia', 'F', 2);
INSERT INTO L06_ATLETA (PASSAPORTE, NOME, PAIS, GENERO, MODALIDADE) VALUES ('JP98765', 'Hana Yamada', 'Japão', 'F', 2);
INSERT INTO L06_ATLETA (PASSAPORTE, NOME, PAIS, GENERO, MODALIDADE) VALUES ('US54321', 'Emily Davis', 'Estados Unidos', 'F', 2);
INSERT INTO L06_ATLETA (PASSAPORTE, NOME, PAIS, GENERO, MODALIDADE) VALUES ('FR24680', 'Marie Laurent', 'França', 'F', 2);
INSERT INTO L06_ATLETA (PASSAPORTE, NOME, PAIS, GENERO, MODALIDADE) VALUES ('DE13579', 'Anna Schmidt', 'Alemanha', 'F', 2);
INSERT INTO L06_ATLETA (PASSAPORTE, NOME, PAIS, GENERO, MODALIDADE) VALUES ('GB67890', 'Emma Jones', 'Reino Unido', 'F', 2);
INSERT INTO L06_ATLETA (PASSAPORTE, NOME, PAIS, GENERO, MODALIDADE) VALUES ('RU12345', 'Elena Petrova', 'Rússia', 'F', 2);
INSERT INTO L06_ATLETA (PASSAPORTE, NOME, PAIS, GENERO, MODALIDADE) VALUES ('IT98765', 'Lucia Bianchi', 'Itália', 'F', 2);

INSERT INTO L06_ATLETA (PASSAPORTE, NOME, PAIS, GENERO, MODALIDADE) VALUES ('BR67890', 'Rafael Costa', 'Brasil', 'M', 3);
INSERT INTO L06_ATLETA (PASSAPORTE, NOME, PAIS, GENERO, MODALIDADE) VALUES ('AR13579', 'Luis Fernandez', 'Argentina', 'M', 3);
INSERT INTO L06_ATLETA (PASSAPORTE, NOME, PAIS, GENERO, MODALIDADE) VALUES ('MX98765', 'Carlos González', 'México', 'M', 3);
INSERT INTO L06_ATLETA (PASSAPORTE, NOME, PAIS, GENERO, MODALIDADE) VALUES ('CN54321', 'Wang Yu', 'China', 'M', 3);
INSERT INTO L06_ATLETA (PASSAPORTE, NOME, PAIS, GENERO, MODALIDADE) VALUES ('IN24680', 'Suresh Patel', 'Índia', 'M', 3);
INSERT INTO L06_ATLETA (PASSAPORTE, NOME, PAIS, GENERO, MODALIDADE) VALUES ('JP13579', 'Kenta Nakamura', 'Japão', 'M', 3);
INSERT INTO L06_ATLETA (PASSAPORTE, NOME, PAIS, GENERO, MODALIDADE) VALUES ('US24680', 'Ryan Smith', 'Estados Unidos', 'M', 3);
INSERT INTO L06_ATLETA (PASSAPORTE, NOME, PAIS, GENERO, MODALIDADE) VALUES ('FR67890', 'Julien Leclerc', 'França', 'M', 3);
INSERT INTO L06_ATLETA (PASSAPORTE, NOME, PAIS, GENERO, MODALIDADE) VALUES ('DE98765', 'Markus Weber', 'Alemanha', 'M', 3);
INSERT INTO L06_ATLETA (PASSAPORTE, NOME, PAIS, GENERO, MODALIDADE) VALUES ('GB54321', 'Oliver Brown', 'Reino Unido', 'M', 3);
INSERT INTO L06_ATLETA (PASSAPORTE, NOME, PAIS, GENERO, MODALIDADE) VALUES ('RU67890', 'Sergey Volkov', 'Rússia', 'M', 3);
INSERT INTO L06_ATLETA (PASSAPORTE, NOME, PAIS, GENERO, MODALIDADE) VALUES ('IT13579', 'Matteo Moretti', 'Itália', 'M', 3);

INSERT INTO L06_ATLETA (PASSAPORTE, NOME, PAIS, GENERO, MODALIDADE) VALUES ('BR24680', 'Maria Oliveira', 'Brasil', 'F', 4);
INSERT INTO L06_ATLETA (PASSAPORTE, NOME, PAIS, GENERO, MODALIDADE) VALUES ('AR54321', 'Carla Gómez', 'Argentina', 'F', 4);
INSERT INTO L06_ATLETA (PASSAPORTE, NOME, PAIS, GENERO, MODALIDADE) VALUES ('MX13578', 'Isabel Cruz', 'México', 'F', 4);
INSERT INTO L06_ATLETA (PASSAPORTE, NOME, PAIS, GENERO, MODALIDADE) VALUES ('CN67890', 'Liu Hong', 'China', 'F', 4);
INSERT INTO L06_ATLETA (PASSAPORTE, NOME, PAIS, GENERO, MODALIDADE) VALUES ('IN13579', 'Sunita Mehta', 'Índia', 'F', 4);
INSERT INTO L06_ATLETA (PASSAPORTE, NOME, PAIS, GENERO, MODALIDADE) VALUES ('JP24680', 'Miyu Tanaka', 'Japão', 'F', 4);
INSERT INTO L06_ATLETA (PASSAPORTE, NOME, PAIS, GENERO, MODALIDADE) VALUES ('US13579', 'Chloe Thompson', 'Estados Unidos', 'F', 4);
INSERT INTO L06_ATLETA (PASSAPORTE, NOME, PAIS, GENERO, MODALIDADE) VALUES ('FR54321', 'Charlotte Martin', 'França', 'F', 4);
INSERT INTO L06_ATLETA (PASSAPORTE, NOME, PAIS, GENERO, MODALIDADE) VALUES ('DE67890', 'Sophie Wagner', 'Alemanha', 'F', 4);
INSERT INTO L06_ATLETA (PASSAPORTE, NOME, PAIS, GENERO, MODALIDADE) VALUES ('GB13579', 'Olivia Wilson', 'Reino Unido', 'F', 4);
INSERT INTO L06_ATLETA (PASSAPORTE, NOME, PAIS, GENERO, MODALIDADE) VALUES ('RU24680', 'Natalia Fedorova', 'Rússia', 'F', 4);
INSERT INTO L06_ATLETA (PASSAPORTE, NOME, PAIS, GENERO, MODALIDADE) VALUES ('IT54321', 'Giulia Ferrari', 'Itália', 'F', 4);

INSERT INTO L06_ATLETA (PASSAPORTE, NOME, PAIS, GENERO, MODALIDADE) VALUES ('BR98765', 'Paulo Almeida', 'Brasil', 'M', 5);
INSERT INTO L06_ATLETA (PASSAPORTE, NOME, PAIS, GENERO, MODALIDADE) VALUES ('AR24680', 'Diego Martinez', 'Argentina', 'M', 5);
INSERT INTO L06_ATLETA (PASSAPORTE, NOME, PAIS, GENERO, MODALIDADE) VALUES ('MX54321', 'Alejandro Pérez', 'México', 'M', 5);
INSERT INTO L06_ATLETA (PASSAPORTE, NOME, PAIS, GENERO, MODALIDADE) VALUES ('CN67891', 'Chen Li', 'China', 'M', 5);
INSERT INTO L06_ATLETA (PASSAPORTE, NOME, PAIS, GENERO, MODALIDADE) VALUES ('IN13578', 'Ravi Singh', 'Índia', 'M', 5);
INSERT INTO L06_ATLETA (PASSAPORTE, NOME, PAIS, GENERO, MODALIDADE) VALUES ('JP54321', 'Takumi Sato', 'Japão', 'M', 5);
INSERT INTO L06_ATLETA (PASSAPORTE, NOME, PAIS, GENERO, MODALIDADE) VALUES ('US98765', 'Jack Miller', 'Estados Unidos', 'M', 5);
INSERT INTO L06_ATLETA (PASSAPORTE, NOME, PAIS, GENERO, MODALIDADE) VALUES ('FR24681', 'Julien Dubois', 'França', 'M', 5);
INSERT INTO L06_ATLETA (PASSAPORTE, NOME, PAIS, GENERO, MODALIDADE) VALUES ('DE54321', 'Lukas Meyer', 'Alemanha', 'M', 5);
INSERT INTO L06_ATLETA (PASSAPORTE, NOME, PAIS, GENERO, MODALIDADE) VALUES ('GB67891', 'George Evans', 'Reino Unido', 'M', 5);
INSERT INTO L06_ATLETA (PASSAPORTE, NOME, PAIS, GENERO, MODALIDADE) VALUES ('RU98765', 'Vladimir Kuznetsov', 'Rússia', 'M', 5);
INSERT INTO L06_ATLETA (PASSAPORTE, NOME, PAIS, GENERO, MODALIDADE) VALUES ('IT24680', 'Francesco Rossi', 'Itália', 'M', 5);

INSERT INTO L06_ATLETA (PASSAPORTE, NOME, PAIS, GENERO, MODALIDADE) VALUES ('BR13579', 'Fernanda Santos', 'Brasil', 'F', 6);
INSERT INTO L06_ATLETA (PASSAPORTE, NOME, PAIS, GENERO, MODALIDADE) VALUES ('AR67891', 'Valentina Pérez', 'Argentina', 'F', 6);
INSERT INTO L06_ATLETA (PASSAPORTE, NOME, PAIS, GENERO, MODALIDADE) VALUES ('MX54320', 'Natalia Ruiz', 'México', 'F', 6);
INSERT INTO L06_ATLETA (PASSAPORTE, NOME, PAIS, GENERO, MODALIDADE) VALUES ('CN98765', 'Li Na', 'China', 'F', 6);
INSERT INTO L06_ATLETA (PASSAPORTE, NOME, PAIS, GENERO, MODALIDADE) VALUES ('IN67891', 'Priya Singh', 'Índia', 'F', 6);
INSERT INTO L06_ATLETA (PASSAPORTE, NOME, PAIS, GENERO, MODALIDADE) VALUES ('JP13578', 'Yuki Matsumoto', 'Japão', 'F', 6);
INSERT INTO L06_ATLETA (PASSAPORTE, NOME, PAIS, GENERO, MODALIDADE) VALUES ('US67891', 'Ava Johnson', 'Estados Unidos', 'F', 6);
INSERT INTO L06_ATLETA (PASSAPORTE, NOME, PAIS, GENERO, MODALIDADE) VALUES ('FR13578', 'Sophie Dubois', 'França', 'F', 6);
INSERT INTO L06_ATLETA (PASSAPORTE, NOME, PAIS, GENERO, MODALIDADE) VALUES ('DE67891', 'Lena Schmidt', 'Alemanha', 'F', 6);
INSERT INTO L06_ATLETA (PASSAPORTE, NOME, PAIS, GENERO, MODALIDADE) VALUES ('GB54322', 'Mia Brown', 'Reino Unido', 'F', 6);
INSERT INTO L06_ATLETA (PASSAPORTE, NOME, PAIS, GENERO, MODALIDADE) VALUES ('RU13579', 'Irina Sokolova', 'Rússia', 'F', 6);
INSERT INTO L06_ATLETA (PASSAPORTE, NOME, PAIS, GENERO, MODALIDADE) VALUES ('IT67890', 'Elena Rossi', 'Itália', 'F', 6);

INSERT INTO L06_ATLETA (PASSAPORTE, NOME, PAIS, GENERO, MODALIDADE) VALUES ('BR12346', 'Lucas Silva', 'Brasil', 'M', 7);
INSERT INTO L06_ATLETA (PASSAPORTE, NOME, PAIS, GENERO, MODALIDADE) VALUES ('AR12347', 'Javier López', 'Argentina', 'M', 7);
INSERT INTO L06_ATLETA (PASSAPORTE, NOME, PAIS, GENERO, MODALIDADE) VALUES ('MX12348', 'Pedro Hernández', 'México', 'M', 7);
INSERT INTO L06_ATLETA (PASSAPORTE, NOME, PAIS, GENERO, MODALIDADE) VALUES ('CN12349', 'Li Ming', 'China', 'M', 7);
INSERT INTO L06_ATLETA (PASSAPORTE, NOME, PAIS, GENERO, MODALIDADE) VALUES ('IN12350', 'Arjun Patel', 'Índia', 'M', 7);
INSERT INTO L06_ATLETA (PASSAPORTE, NOME, PAIS, GENERO, MODALIDADE) VALUES ('JP12351', 'Kenji Saito', 'Japão', 'M', 7);
INSERT INTO L06_ATLETA (PASSAPORTE, NOME, PAIS, GENERO, MODALIDADE) VALUES ('US12352', 'Chris Brown', 'Estados Unidos', 'M', 7);
INSERT INTO L06_ATLETA (PASSAPORTE, NOME, PAIS, GENERO, MODALIDADE) VALUES ('FR12353', 'Maxime Lefevre', 'França', 'M', 7);
INSERT INTO L06_ATLETA (PASSAPORTE, NOME, PAIS, GENERO, MODALIDADE) VALUES ('DE12354', 'Paul Schneider', 'Alemanha', 'M', 7);
INSERT INTO L06_ATLETA (PASSAPORTE, NOME, PAIS, GENERO, MODALIDADE) VALUES ('GB12355', 'William Adams', 'Reino Unido', 'M', 7);
INSERT INTO L06_ATLETA (PASSAPORTE, NOME, PAIS, GENERO, MODALIDADE) VALUES ('RU12356', 'Alexey Petrov', 'Rússia', 'M', 7);
INSERT INTO L06_ATLETA (PASSAPORTE, NOME, PAIS, GENERO, MODALIDADE) VALUES ('IT12357', 'Matteo Ricci', 'Itália', 'M', 7);

INSERT INTO L06_ATLETA (PASSAPORTE, NOME, PAIS, GENERO, MODALIDADE) VALUES ('BR54322', 'Camila Souza', 'Brasil', 'F', 8);
INSERT INTO L06_ATLETA (PASSAPORTE, NOME, PAIS, GENERO, MODALIDADE) VALUES ('AR54323', 'Lucia Fernández', 'Argentina', 'F', 8);
INSERT INTO L06_ATLETA (PASSAPORTE, NOME, PAIS, GENERO, MODALIDADE) VALUES ('MX54324', 'Sofia Morales', 'México', 'F', 8);
INSERT INTO L06_ATLETA (PASSAPORTE, NOME, PAIS, GENERO, MODALIDADE) VALUES ('CN54325', 'Wang Li', 'China', 'F', 8);
INSERT INTO L06_ATLETA (PASSAPORTE, NOME, PAIS, GENERO, MODALIDADE) VALUES ('IN54326', 'Neha Kumar', 'Índia', 'F', 8);
INSERT INTO L06_ATLETA (PASSAPORTE, NOME, PAIS, GENERO, MODALIDADE) VALUES ('JP54327', 'Yuri Nakamura', 'Japão', 'F', 8);
INSERT INTO L06_ATLETA (PASSAPORTE, NOME, PAIS, GENERO, MODALIDADE) VALUES ('US54328', 'Lily Clark', 'Estados Unidos', 'F', 8);
INSERT INTO L06_ATLETA (PASSAPORTE, NOME, PAIS, GENERO, MODALIDADE) VALUES ('FR54329', 'Élise Renault', 'França', 'F', 8);
INSERT INTO L06_ATLETA (PASSAPORTE, NOME, PAIS, GENERO, MODALIDADE) VALUES ('DE54330', 'Lisa Fischer', 'Alemanha', 'F', 8);
INSERT INTO L06_ATLETA (PASSAPORTE, NOME, PAIS, GENERO, MODALIDADE) VALUES ('GB54331', 'Emily Wilson', 'Reino Unido', 'F', 8);
INSERT INTO L06_ATLETA (PASSAPORTE, NOME, PAIS, GENERO, MODALIDADE) VALUES ('RU54332', 'Olga Ivanova', 'Rússia', 'F', 8);
INSERT INTO L06_ATLETA (PASSAPORTE, NOME, PAIS, GENERO, MODALIDADE) VALUES ('IT54333', 'Giulia Moretti', 'Itália', 'F', 8);

INSERT INTO L06_ATLETA (PASSAPORTE, NOME, PAIS, GENERO, MODALIDADE) VALUES ('BR67891', 'Gabriel Costa', 'Brasil', 'M', 9);
INSERT INTO L06_ATLETA (PASSAPORTE, NOME, PAIS, GENERO, MODALIDADE) VALUES ('AR67892', 'Matías Gómez', 'Argentina', 'M', 9);
INSERT INTO L06_ATLETA (PASSAPORTE, NOME, PAIS, GENERO, MODALIDADE) VALUES ('MX67893', 'Ricardo Pérez', 'México', 'M', 9);
INSERT INTO L06_ATLETA (PASSAPORTE, NOME, PAIS, GENERO, MODALIDADE) VALUES ('CN67894', 'Zhao Qiang', 'China', 'M', 9);
INSERT INTO L06_ATLETA (PASSAPORTE, NOME, PAIS, GENERO, MODALIDADE) VALUES ('IN67895', 'Vikram Patel', 'Índia', 'M', 9);
INSERT INTO L06_ATLETA (PASSAPORTE, NOME, PAIS, GENERO, MODALIDADE) VALUES ('JP67896', 'Haruto Saito', 'Japão', 'M', 9);
INSERT INTO L06_ATLETA (PASSAPORTE, NOME, PAIS, GENERO, MODALIDADE) VALUES ('US67897', 'Andrew Miller', 'Estados Unidos', 'M', 9);
INSERT INTO L06_ATLETA (PASSAPORTE, NOME, PAIS, GENERO, MODALIDADE) VALUES ('FR67898', 'Lucas Martin', 'França', 'M', 9);
INSERT INTO L06_ATLETA (PASSAPORTE, NOME, PAIS, GENERO, MODALIDADE) VALUES ('DE67899', 'Stefan Weber', 'Alemanha', 'M', 9);
INSERT INTO L06_ATLETA (PASSAPORTE, NOME, PAIS, GENERO, MODALIDADE) VALUES ('GB67900', 'James Thompson', 'Reino Unido', 'M', 9);
INSERT INTO L06_ATLETA (PASSAPORTE, NOME, PAIS, GENERO, MODALIDADE) VALUES ('RU67901', 'Andrei Sokolov', 'Rússia', 'M', 9);
INSERT INTO L06_ATLETA (PASSAPORTE, NOME, PAIS, GENERO, MODALIDADE) VALUES ('IT67902', 'Alessandro Bianchi', 'Itália', 'M', 9);

INSERT INTO L06_ATLETA (PASSAPORTE, NOME, PAIS, GENERO, MODALIDADE) VALUES ('BR12347', 'Julia Lima', 'Brasil', 'F', 10);
INSERT INTO L06_ATLETA (PASSAPORTE, NOME, PAIS, GENERO, MODALIDADE) VALUES ('AR12348', 'Carmen García', 'Argentina', 'F', 10);
INSERT INTO L06_ATLETA (PASSAPORTE, NOME, PAIS, GENERO, MODALIDADE) VALUES ('MX12349', 'Verónica Hernández', 'México', 'F', 10);
INSERT INTO L06_ATLETA (PASSAPORTE, NOME, PAIS, GENERO, MODALIDADE) VALUES ('CN12350', 'Li Xiu', 'China', 'F', 10);
INSERT INTO L06_ATLETA (PASSAPORTE, NOME, PAIS, GENERO, MODALIDADE) VALUES ('IN12351', 'Anita Rao', 'Índia', 'F', 10);
INSERT INTO L06_ATLETA (PASSAPORTE, NOME, PAIS, GENERO, MODALIDADE) VALUES ('JP12352', 'Miku Tanaka', 'Japão', 'F', 10);
INSERT INTO L06_ATLETA (PASSAPORTE, NOME, PAIS, GENERO, MODALIDADE) VALUES ('US12353', 'Sarah Anderson', 'Estados Unidos', 'F', 10);
INSERT INTO L06_ATLETA (PASSAPORTE, NOME, PAIS, GENERO, MODALIDADE) VALUES ('FR12354', 'Clara Martin', 'França', 'F', 10);
INSERT INTO L06_ATLETA (PASSAPORTE, NOME, PAIS, GENERO, MODALIDADE) VALUES ('DE12355', 'Lena Müller', 'Alemanha', 'F', 10);
INSERT INTO L06_ATLETA (PASSAPORTE, NOME, PAIS, GENERO, MODALIDADE) VALUES ('GB12356', 'Sophie Williams', 'Reino Unido', 'F', 10);
INSERT INTO L06_ATLETA (PASSAPORTE, NOME, PAIS, GENERO, MODALIDADE) VALUES ('RU12357', 'Elena Smirnova', 'Rússia', 'F', 10);
INSERT INTO L06_ATLETA (PASSAPORTE, NOME, PAIS, GENERO, MODALIDADE) VALUES ('IT12358', 'Francesca Rossi', 'Itália', 'F', 10);

INSERT INTO L06_ATLETA (PASSAPORTE, NOME, PAIS, GENERO, MODALIDADE) VALUES ('BR23456', 'Beatriz Santos', 'Brasil', 'F', 11);
INSERT INTO L06_ATLETA (PASSAPORTE, NOME, PAIS, GENERO, MODALIDADE) VALUES ('AR23457', 'Sol Fernández', 'Argentina', 'F', 11);
INSERT INTO L06_ATLETA (PASSAPORTE, NOME, PAIS, GENERO, MODALIDADE) VALUES ('MX23458', 'Claudia García', 'México', 'F', 11);
INSERT INTO L06_ATLETA (PASSAPORTE, NOME, PAIS, GENERO, MODALIDADE) VALUES ('CN23459', 'Liu Li', 'China', 'F', 11);
INSERT INTO L06_ATLETA (PASSAPORTE, NOME, PAIS, GENERO, MODALIDADE) VALUES ('IN23460', 'Asha Devi', 'Índia', 'F', 11);
INSERT INTO L06_ATLETA (PASSAPORTE, NOME, PAIS, GENERO, MODALIDADE) VALUES ('JP23461', 'Sakura Suzuki', 'Japão', 'F', 11);
INSERT INTO L06_ATLETA (PASSAPORTE, NOME, PAIS, GENERO, MODALIDADE) VALUES ('US23462', 'Alex Morgan', 'Estados Unidos', 'F', 11);
INSERT INTO L06_ATLETA (PASSAPORTE, NOME, PAIS, GENERO, MODALIDADE) VALUES ('FR23463', 'Camille Leclerc', 'França', 'F', 11);
INSERT INTO L06_ATLETA (PASSAPORTE, NOME, PAIS, GENERO, MODALIDADE) VALUES ('DE23464', 'Anna Müller', 'Alemanha', 'F', 11);
INSERT INTO L06_ATLETA (PASSAPORTE, NOME, PAIS, GENERO, MODALIDADE) VALUES ('GB23465', 'Isabella Taylor', 'Reino Unido', 'F', 11);
INSERT INTO L06_ATLETA (PASSAPORTE, NOME, PAIS, GENERO, MODALIDADE) VALUES ('RU23466', 'Tatiana Ivanova', 'Rússia', 'F', 11);
INSERT INTO L06_ATLETA (PASSAPORTE, NOME, PAIS, GENERO, MODALIDADE) VALUES ('IT23467', 'Martina Moretti', 'Itália', 'F', 11);

--L07_JOGA
-- Atletismo (M)
INSERT INTO L07_JOGA (ATLETA, DISPUTA) VALUES ('BR12345', 5);
INSERT INTO L07_JOGA (ATLETA, DISPUTA) VALUES ('AR67890', 6);
INSERT INTO L07_JOGA (ATLETA, DISPUTA) VALUES ('MX13579', 5);
INSERT INTO L07_JOGA (ATLETA, DISPUTA) VALUES ('CN24680', 4);
INSERT INTO L07_JOGA (ATLETA, DISPUTA) VALUES ('IN98765', 3);
INSERT INTO L07_JOGA (ATLETA, DISPUTA) VALUES ('JP12345', 3);
INSERT INTO L07_JOGA (ATLETA, DISPUTA) VALUES ('US67890', 2);
INSERT INTO L07_JOGA (ATLETA, DISPUTA) VALUES ('FR13579', 1);
INSERT INTO L07_JOGA (ATLETA, DISPUTA) VALUES ('DE24680', 2);
INSERT INTO L07_JOGA (ATLETA, DISPUTA) VALUES ('GB98765', 1);
INSERT INTO L07_JOGA (ATLETA, DISPUTA) VALUES ('RU54321', 4);
INSERT INTO L07_JOGA (ATLETA, DISPUTA) VALUES ('IT56789', 6);

-- Atletismo (F)
INSERT INTO L07_JOGA (ATLETA, DISPUTA) VALUES ('BR54321', 10);
INSERT INTO L07_JOGA (ATLETA, DISPUTA) VALUES ('AR98765', 10);
INSERT INTO L07_JOGA (ATLETA, DISPUTA) VALUES ('MX24680', 11);
INSERT INTO L07_JOGA (ATLETA, DISPUTA) VALUES ('CN13579', 11);
INSERT INTO L07_JOGA (ATLETA, DISPUTA) VALUES ('IN67890', 12);
INSERT INTO L07_JOGA (ATLETA, DISPUTA) VALUES ('JP98765', 12);
INSERT INTO L07_JOGA (ATLETA, DISPUTA) VALUES ('US54321', 13);
INSERT INTO L07_JOGA (ATLETA, DISPUTA) VALUES ('FR24680', 13);
INSERT INTO L07_JOGA (ATLETA, DISPUTA) VALUES ('DE13579', 9);
INSERT INTO L07_JOGA (ATLETA, DISPUTA) VALUES ('GB67890', 9);
INSERT INTO L07_JOGA (ATLETA, DISPUTA) VALUES ('RU12345', 8);
INSERT INTO L07_JOGA (ATLETA, DISPUTA) VALUES ('IT98765', 8);

-- Natação (M)
INSERT INTO L07_JOGA (ATLETA, DISPUTA) VALUES ('BR67890', 107);
INSERT INTO L07_JOGA (ATLETA, DISPUTA) VALUES ('AR13579', 106);
INSERT INTO L07_JOGA (ATLETA, DISPUTA) VALUES ('MX98765', 107);
INSERT INTO L07_JOGA (ATLETA, DISPUTA) VALUES ('CN54321', 106);
--INSERT INTO L07_JOGA (ATLETA, DISPUTA) VALUES ('IN24680', 3);
--INSERT INTO L07_JOGA (ATLETA, DISPUTA) VALUES ('JP13579', 3);
--INSERT INTO L07_JOGA (ATLETA, DISPUTA) VALUES ('US24680', 3);
--INSERT INTO L07_JOGA (ATLETA, DISPUTA) VALUES ('FR67890', 3);
--INSERT INTO L07_JOGA (ATLETA, DISPUTA) VALUES ('DE98765', 3);
--INSERT INTO L07_JOGA (ATLETA, DISPUTA) VALUES ('GB54321', 3);
--INSERT INTO L07_JOGA (ATLETA, DISPUTA) VALUES ('RU67890', 3);
--INSERT INTO L07_JOGA (ATLETA, DISPUTA) VALUES ('IT13579', 3);

-- Natação (F)
INSERT INTO L07_JOGA (ATLETA, DISPUTA) VALUES ('BR24680', 404);
INSERT INTO L07_JOGA (ATLETA, DISPUTA) VALUES ('AR54321', 405);
INSERT INTO L07_JOGA (ATLETA, DISPUTA) VALUES ('MX13579', 402);
INSERT INTO L07_JOGA (ATLETA, DISPUTA) VALUES ('CN67890', 404);
INSERT INTO L07_JOGA (ATLETA, DISPUTA) VALUES ('IN13579', 405);
INSERT INTO L07_JOGA (ATLETA, DISPUTA) VALUES ('JP24680', 401);
INSERT INTO L07_JOGA (ATLETA, DISPUTA) VALUES ('US13579', 403);
INSERT INTO L07_JOGA (ATLETA, DISPUTA) VALUES ('FR54321', 406);
INSERT INTO L07_JOGA (ATLETA, DISPUTA) VALUES ('DE67890', 401);
INSERT INTO L07_JOGA (ATLETA, DISPUTA) VALUES ('GB13579', 406);
INSERT INTO L07_JOGA (ATLETA, DISPUTA) VALUES ('RU24680', 402);
INSERT INTO L07_JOGA (ATLETA, DISPUTA) VALUES ('IT54321', 403);

-- Ginástica Artística (M)
INSERT INTO L07_JOGA (ATLETA, DISPUTA) VALUES ('BR98765', 85);
INSERT INTO L07_JOGA (ATLETA, DISPUTA) VALUES ('AR24680', 85);
INSERT INTO L07_JOGA (ATLETA, DISPUTA) VALUES ('MX54321', 81);
INSERT INTO L07_JOGA (ATLETA, DISPUTA) VALUES ('CN67890', 84);
INSERT INTO L07_JOGA (ATLETA, DISPUTA) VALUES ('IN13579', 82);
INSERT INTO L07_JOGA (ATLETA, DISPUTA) VALUES ('JP54321', 84);
INSERT INTO L07_JOGA (ATLETA, DISPUTA) VALUES ('US98765', 80);
INSERT INTO L07_JOGA (ATLETA, DISPUTA) VALUES ('FR24680', 82);
INSERT INTO L07_JOGA (ATLETA, DISPUTA) VALUES ('DE54321', 80);
INSERT INTO L07_JOGA (ATLETA, DISPUTA) VALUES ('GB67890', 81);
INSERT INTO L07_JOGA (ATLETA, DISPUTA) VALUES ('RU98765', 83);
INSERT INTO L07_JOGA (ATLETA, DISPUTA) VALUES ('IT24680', 83);

-- Ginástica Artística (F)
INSERT INTO L07_JOGA (ATLETA, DISPUTA) VALUES ('BR13579', 304);
INSERT INTO L07_JOGA (ATLETA, DISPUTA) VALUES ('AR67890', 305);
INSERT INTO L07_JOGA (ATLETA, DISPUTA) VALUES ('MX54321', 303);
INSERT INTO L07_JOGA (ATLETA, DISPUTA) VALUES ('CN98765', 301);
INSERT INTO L07_JOGA (ATLETA, DISPUTA) VALUES ('IN67890', 301);
INSERT INTO L07_JOGA (ATLETA, DISPUTA) VALUES ('JP13579', 302);
INSERT INTO L07_JOGA (ATLETA, DISPUTA) VALUES ('US67890', 300);
INSERT INTO L07_JOGA (ATLETA, DISPUTA) VALUES ('FR13579', 305);
INSERT INTO L07_JOGA (ATLETA, DISPUTA) VALUES ('DE67890', 302);
INSERT INTO L07_JOGA (ATLETA, DISPUTA) VALUES ('GB54321', 303);
INSERT INTO L07_JOGA (ATLETA, DISPUTA) VALUES ('RU13579', 300);
INSERT INTO L07_JOGA (ATLETA, DISPUTA) VALUES ('IT67890', 304);

-- Vôlei (M)
INSERT INTO L07_JOGA (ATLETA, DISPUTA) VALUES ('BR12346', 901);
INSERT INTO L07_JOGA (ATLETA, DISPUTA) VALUES ('AR12347', 906);
INSERT INTO L07_JOGA (ATLETA, DISPUTA) VALUES ('MX12348', 902);
INSERT INTO L07_JOGA (ATLETA, DISPUTA) VALUES ('CN12349', 904);
INSERT INTO L07_JOGA (ATLETA, DISPUTA) VALUES ('IN12350', 904);
INSERT INTO L07_JOGA (ATLETA, DISPUTA) VALUES ('JP12351', 903);
INSERT INTO L07_JOGA (ATLETA, DISPUTA) VALUES ('US12352', 901);
INSERT INTO L07_JOGA (ATLETA, DISPUTA) VALUES ('FR12353', 905);
INSERT INTO L07_JOGA (ATLETA, DISPUTA) VALUES ('DE12354', 902);
INSERT INTO L07_JOGA (ATLETA, DISPUTA) VALUES ('GB12355', 905);
INSERT INTO L07_JOGA (ATLETA, DISPUTA) VALUES ('RU12356', 903);
INSERT INTO L07_JOGA (ATLETA, DISPUTA) VALUES ('IT12357', 906);

-- Vôlei (F)
INSERT INTO L07_JOGA (ATLETA, DISPUTA) VALUES ('BR54322', 52);
INSERT INTO L07_JOGA (ATLETA, DISPUTA) VALUES ('AR54323', 57);
INSERT INTO L07_JOGA (ATLETA, DISPUTA) VALUES ('MX54324', 49);
INSERT INTO L07_JOGA (ATLETA, DISPUTA) VALUES ('CN54325', 56);
INSERT INTO L07_JOGA (ATLETA, DISPUTA) VALUES ('IN54326', 47);
INSERT INTO L07_JOGA (ATLETA, DISPUTA) VALUES ('JP54327', 60);
INSERT INTO L07_JOGA (ATLETA, DISPUTA) VALUES ('US54328', 48);
INSERT INTO L07_JOGA (ATLETA, DISPUTA) VALUES ('FR54329', 50);
INSERT INTO L07_JOGA (ATLETA, DISPUTA) VALUES ('DE54330', 61);
INSERT INTO L07_JOGA (ATLETA, DISPUTA) VALUES ('GB54331', 54);
INSERT INTO L07_JOGA (ATLETA, DISPUTA) VALUES ('RU54332', 62);
INSERT INTO L07_JOGA (ATLETA, DISPUTA) VALUES ('IT54333', 53);

-- Judô (M)
--INSERT INTO L07_JOGA (ATLETA, DISPUTA) VALUES ('BR67891', 9);
--INSERT INTO L07_JOGA (ATLETA, DISPUTA) VALUES ('AR67892', 9);
--INSERT INTO L07_JOGA (ATLETA, DISPUTA) VALUES ('MX67893', 9);
--INSERT INTO L07_JOGA (ATLETA, DISPUTA) VALUES ('CN67894', 9);
--INSERT INTO L07_JOGA (ATLETA, DISPUTA) VALUES ('IN67895', 9);
--INSERT INTO L07_JOGA (ATLETA, DISPUTA) VALUES ('JP67896', 9);
--INSERT INTO L07_JOGA (ATLETA, DISPUTA) VALUES ('US67897', 9);
--INSERT INTO L07_JOGA (ATLETA, DISPUTA) VALUES ('FR67898', 9);
--INSERT INTO L07_JOGA (ATLETA, DISPUTA) VALUES ('DE67899', 9);
--INSERT INTO L07_JOGA (ATLETA, DISPUTA) VALUES ('GB67900', 9);
--INSERT INTO L07_JOGA (ATLETA, DISPUTA) VALUES ('RU67901', 9);
--INSERT INTO L07_JOGA (ATLETA, DISPUTA) VALUES ('IT67902', 9);

-- Judô (F)
INSERT INTO L07_JOGA (ATLETA, DISPUTA) VALUES ('BR12347', 506);
INSERT INTO L07_JOGA (ATLETA, DISPUTA) VALUES ('AR12348', 505);
INSERT INTO L07_JOGA (ATLETA, DISPUTA) VALUES ('MX12349', 502);
INSERT INTO L07_JOGA (ATLETA, DISPUTA) VALUES ('CN12350', 505);
INSERT INTO L07_JOGA (ATLETA, DISPUTA) VALUES ('IN12351', 503);
INSERT INTO L07_JOGA (ATLETA, DISPUTA) VALUES ('JP12352', 504);
INSERT INTO L07_JOGA (ATLETA, DISPUTA) VALUES ('US12353', 506);
INSERT INTO L07_JOGA (ATLETA, DISPUTA) VALUES ('FR12354', 501);
INSERT INTO L07_JOGA (ATLETA, DISPUTA) VALUES ('DE12355', 503);
INSERT INTO L07_JOGA (ATLETA, DISPUTA) VALUES ('GB12356', 502);
INSERT INTO L07_JOGA (ATLETA, DISPUTA) VALUES ('RU12357', 504);
INSERT INTO L07_JOGA (ATLETA, DISPUTA) VALUES ('IT12358', 501);

-- Futebol (F)
INSERT INTO L07_JOGA (ATLETA, DISPUTA) VALUES ('BR23456', 33);
INSERT INTO L07_JOGA (ATLETA, DISPUTA) VALUES ('AR23457', 36);
INSERT INTO L07_JOGA (ATLETA, DISPUTA) VALUES ('MX23458', 35);
INSERT INTO L07_JOGA (ATLETA, DISPUTA) VALUES ('CN23459', 32);
INSERT INTO L07_JOGA (ATLETA, DISPUTA) VALUES ('IN23460', 37);
INSERT INTO L07_JOGA (ATLETA, DISPUTA) VALUES ('JP23461', 35);
INSERT INTO L07_JOGA (ATLETA, DISPUTA) VALUES ('US23462', 32);
INSERT INTO L07_JOGA (ATLETA, DISPUTA) VALUES ('FR23463', 36);
INSERT INTO L07_JOGA (ATLETA, DISPUTA) VALUES ('DE23464', 34);
INSERT INTO L07_JOGA (ATLETA, DISPUTA) VALUES ('GB23465', 37);
INSERT INTO L07_JOGA (ATLETA, DISPUTA) VALUES ('RU23466', 33);
INSERT INTO L07_JOGA (ATLETA, DISPUTA) VALUES ('IT23467', 34);

--L08_PATROCINADOR
INSERT INTO L08_PATROCINADOR (ID, NOME, RAMO) VALUES (1, 'Nike', 'Vestuário Esportivo');
INSERT INTO L08_PATROCINADOR (ID, NOME, RAMO) VALUES (2, 'Adidas', 'Vestuário Esportivo');
INSERT INTO L08_PATROCINADOR (ID, NOME, RAMO) VALUES (3, 'Coca-Cola', 'Bebidas');
INSERT INTO L08_PATROCINADOR (ID, NOME, RAMO) VALUES (4, 'Red Bull', 'Bebidas Energéticas');
INSERT INTO L08_PATROCINADOR (ID, NOME, RAMO) VALUES (5, 'Pepsi', 'Bebidas');
INSERT INTO L08_PATROCINADOR (ID, NOME, RAMO) VALUES (6, 'Samsung', 'Eletrônicos');
INSERT INTO L08_PATROCINADOR (ID, NOME, RAMO) VALUES (7, 'Sony', 'Eletrônicos');
INSERT INTO L08_PATROCINADOR (ID, NOME, RAMO) VALUES (8, 'Toyota', 'Automóveis');
INSERT INTO L08_PATROCINADOR (ID, NOME, RAMO) VALUES (9, 'Ford', 'Automóveis');
INSERT INTO L08_PATROCINADOR (ID, NOME, RAMO) VALUES (10, 'Apple', 'Tecnologia');
INSERT INTO L08_PATROCINADOR (ID, NOME, RAMO) VALUES (11, 'Microsoft', 'Tecnologia');
INSERT INTO L08_PATROCINADOR (ID, NOME, RAMO) VALUES (12, 'Google', 'Tecnologia');
INSERT INTO L08_PATROCINADOR (ID, NOME, RAMO) VALUES (13, 'LOréal', 'Cosméticos');
INSERT INTO L08_PATROCINADOR (ID, NOME, RAMO) VALUES (14, 'Estée Lauder', 'Cosméticos');
INSERT INTO L08_PATROCINADOR (ID, NOME, RAMO) VALUES (15, 'Nestlé', 'Alimentos');
INSERT INTO L08_PATROCINADOR (ID, NOME, RAMO) VALUES (16, 'Unilever', 'Alimentos e Produtos de Higiene');
INSERT INTO L08_PATROCINADOR (ID, NOME, RAMO) VALUES (17, 'Heineken', 'Bebidas Alcoólicas');
INSERT INTO L08_PATROCINADOR (ID, NOME, RAMO) VALUES (18, 'Budweiser', 'Bebidas Alcoólicas');
INSERT INTO L08_PATROCINADOR (ID, NOME, RAMO) VALUES (19, 'Puma', 'Vestuário Esportivo');
INSERT INTO L08_PATROCINADOR (ID, NOME, RAMO) VALUES (20, 'Reebok', 'Vestuário Esportivo');

--L09_PATROCINA
INSERT INTO L09_PATROCINA (PATROCINADOR, ATLETA, INICIO, VIGENCIA, VALOR_TOTAL) VALUES (1, 'BR12345', '2024-01-01', 24, 50000);
INSERT INTO L09_PATROCINA (PATROCINADOR, ATLETA, INICIO, VIGENCIA, VALOR_TOTAL) VALUES (2, 'AR98765', '2024-02-15', 12, 30000);
INSERT INTO L09_PATROCINA (PATROCINADOR, ATLETA, INICIO, VIGENCIA, VALOR_TOTAL) VALUES (3, 'IT23467', '2024-03-10', 18, 45000);
INSERT INTO L09_PATROCINA (PATROCINADOR, ATLETA, INICIO, VIGENCIA, VALOR_TOTAL) VALUES (4, 'CN67890', '2024-04-01', 6, 20000);
INSERT INTO L09_PATROCINA (PATROCINADOR, ATLETA, INICIO, VIGENCIA, VALOR_TOTAL) VALUES (5, 'IN13579', '2024-05-20', 12, 35000);
INSERT INTO L09_PATROCINA (PATROCINADOR, ATLETA, INICIO, VIGENCIA, VALOR_TOTAL) VALUES (6, 'JP13579', '2024-06-15', 24, 60000);
INSERT INTO L09_PATROCINA (PATROCINADOR, ATLETA, INICIO, VIGENCIA, VALOR_TOTAL) VALUES (7, 'US12352', '2024-07-01', 18, 40000);
INSERT INTO L09_PATROCINA (PATROCINADOR, ATLETA, INICIO, VIGENCIA, VALOR_TOTAL) VALUES (8, 'FR54329', '2024-08-05', 12, 30000);
INSERT INTO L09_PATROCINA (PATROCINADOR, ATLETA, INICIO, VIGENCIA, VALOR_TOTAL) VALUES (9, 'RU23466', '2024-09-15', 6, 15000);
INSERT INTO L09_PATROCINA (PATROCINADOR, ATLETA, INICIO, VIGENCIA, VALOR_TOTAL) VALUES (10, 'BR12345', '2024-10-01', 24, 55000);
INSERT INTO L09_PATROCINA (PATROCINADOR, ATLETA, INICIO, VIGENCIA, VALOR_TOTAL) VALUES (11, 'JP13579', '2024-01-15', 12, 28000);
INSERT INTO L09_PATROCINA (PATROCINADOR, ATLETA, INICIO, VIGENCIA, VALOR_TOTAL) VALUES (12, 'DE12355', '2024-02-20', 18, 47000);
INSERT INTO L09_PATROCINA (PATROCINADOR, ATLETA, INICIO, VIGENCIA, VALOR_TOTAL) VALUES (13, 'IN12350', '2024-03-10', 24, 62000);
INSERT INTO L09_PATROCINA (PATROCINADOR, ATLETA, INICIO, VIGENCIA, VALOR_TOTAL) VALUES (14, 'GB98765', '2024-04-15', 12, 33000);
INSERT INTO L09_PATROCINA (PATROCINADOR, ATLETA, INICIO, VIGENCIA, VALOR_TOTAL) VALUES (15, 'MX98765', '2024-05-01', 6, 18000);
INSERT INTO L09_PATROCINA (PATROCINADOR, ATLETA, INICIO, VIGENCIA, VALOR_TOTAL) VALUES (16, 'DE12355', '2024-06-10', 24, 59000);
INSERT INTO L09_PATROCINA (PATROCINADOR, ATLETA, INICIO, VIGENCIA, VALOR_TOTAL) VALUES (17, 'US12352', '2024-07-15', 18, 42000);
INSERT INTO L09_PATROCINA (PATROCINADOR, ATLETA, INICIO, VIGENCIA, VALOR_TOTAL) VALUES (18, 'RU23466', '2024-08-20', 12, 31000);
INSERT INTO L09_PATROCINA (PATROCINADOR, ATLETA, INICIO, VIGENCIA, VALOR_TOTAL) VALUES (19, 'GB23465', '2024-09-10', 6, 16000);
INSERT INTO L09_PATROCINA (PATROCINADOR, ATLETA, INICIO, VIGENCIA, VALOR_TOTAL) VALUES (20, 'BR23456', '2024-10-15', 24, 57000);

--L10_MIDIA
INSERT INTO L10_MIDIA (ID, NOME, TIPO) VALUES (1, 'ESPN', 'TV');
INSERT INTO L10_MIDIA (ID, NOME, TIPO) VALUES (2, 'Fox Sports', 'TV');
INSERT INTO L10_MIDIA (ID, NOME, TIPO) VALUES (3, 'NBC Sports', 'TV');
INSERT INTO L10_MIDIA (ID, NOME, TIPO) VALUES (4, 'Sky Sports', 'TV');
INSERT INTO L10_MIDIA (ID, NOME, TIPO) VALUES (5, 'ESPN Radio', 'RADIO');
INSERT INTO L10_MIDIA (ID, NOME, TIPO) VALUES (6, 'BBC Radio', 'RADIO');
INSERT INTO L10_MIDIA (ID, NOME, TIPO) VALUES (7, 'NPR', 'RADIO');
INSERT INTO L10_MIDIA (ID, NOME, TIPO) VALUES (8, 'SiriusXM', 'RADIO');
INSERT INTO L10_MIDIA (ID, NOME, TIPO) VALUES (9, 'Hulu', 'STREAMING');
INSERT INTO L10_MIDIA (ID, NOME, TIPO) VALUES (10, 'Netflix', 'STREAMING');
INSERT INTO L10_MIDIA (ID, NOME, TIPO) VALUES (11, 'Amazon Prime Video', 'STREAMING');
INSERT INTO L10_MIDIA (ID, NOME, TIPO) VALUES (12, 'Disney+', 'STREAMING');
INSERT INTO L10_MIDIA (ID, NOME, TIPO) VALUES (13, 'ESPN+ ', 'STREAMING');
INSERT INTO L10_MIDIA (ID, NOME, TIPO) VALUES (14, 'Radio France', 'RADIO');
INSERT INTO L10_MIDIA (ID, NOME, TIPO) VALUES (15, 'Apple TV+', 'STREAMING');
INSERT INTO L10_MIDIA (ID, NOME, TIPO) VALUES (16, 'Peacock', 'STREAMING');
INSERT INTO L10_MIDIA (ID, NOME, TIPO) VALUES (17, 'Paramount+', 'STREAMING');
INSERT INTO L10_MIDIA (ID, NOME, TIPO) VALUES (18, 'KROQ', 'RADIO');
INSERT INTO L10_MIDIA (ID, NOME, TIPO) VALUES (19, 'Turner Sports', 'TV');
INSERT INTO L10_MIDIA (ID, NOME, TIPO) VALUES (20, 'CCTV', 'TV');

--L11_TRANSMITE
INSERT INTO L11_TRANSMITE (MIDIA, DISPUTA) VALUES (1, 1);
INSERT INTO L11_TRANSMITE (MIDIA, DISPUTA) VALUES (2, 306);
INSERT INTO L11_TRANSMITE (MIDIA, DISPUTA) VALUES (3, 107);
INSERT INTO L11_TRANSMITE (MIDIA, DISPUTA) VALUES (4, 500);
INSERT INTO L11_TRANSMITE (MIDIA, DISPUTA) VALUES (5, 112);
INSERT INTO L11_TRANSMITE (MIDIA, DISPUTA) VALUES (6, 306);
INSERT INTO L11_TRANSMITE (MIDIA, DISPUTA) VALUES (7, 901);
INSERT INTO L11_TRANSMITE (MIDIA, DISPUTA) VALUES (8, 60);
INSERT INTO L11_TRANSMITE (MIDIA, DISPUTA) VALUES (9, 51);
INSERT INTO L11_TRANSMITE (MIDIA, DISPUTA) VALUES (10, 503);
INSERT INTO L11_TRANSMITE (MIDIA, DISPUTA) VALUES (11, 510);
INSERT INTO L11_TRANSMITE (MIDIA, DISPUTA) VALUES (12, 513);
INSERT INTO L11_TRANSMITE (MIDIA, DISPUTA) VALUES (13, 514);
INSERT INTO L11_TRANSMITE (MIDIA, DISPUTA) VALUES (14, 41);
INSERT INTO L11_TRANSMITE (MIDIA, DISPUTA) VALUES (15, 48);
INSERT INTO L11_TRANSMITE (MIDIA, DISPUTA) VALUES (16, 529);
INSERT INTO L11_TRANSMITE (MIDIA, DISPUTA) VALUES (17, 112);
INSERT INTO L11_TRANSMITE (MIDIA, DISPUTA) VALUES (18, 907);
INSERT INTO L11_TRANSMITE (MIDIA, DISPUTA) VALUES (19, 402);
INSERT INTO L11_TRANSMITE (MIDIA, DISPUTA) VALUES (20, 500);
